{
 "HYPSO-1": [
  51053,
  "1 51053U 22002BX  23170.14487842  .00006420  00000+0  32103-3 0  9994",
  "2 51053  97.4327 234.9106 0006680 235.2821 124.7784 15.17762637 78920"
 ],
 "Sentinel-3A": [
  41335,
  "1 41335U 16011A   23170.19041172  .00000162  00000+0  84853-4 0  9993",
  "2 41335  98.6213 237.2117 0001293  91.1540 268.9788 14.26735450382069"
 ],
 "Sentinel-3B": [
  43437,
  "1 43437U 18039A   23170.16332257  .00000169  00000+0  88071-4 0  9997",
  "2 43437  98.6276 237.2459 0001015 110.1710 249.9579 14.26736018268123"
 ],
 "SENTINEL-2A": [
  40697,
  "1 40697U 15028A   23170.18658215  .00000160  00000+0  77751-4 0  9998",
  "2 40697  98.5698 244.6791 0001323  96.6523 263.4810 14.30819231417295"
 ],
 "SENTINEL-2B": [
  42063,
  "1 42063U 17013A   23170.08168934  .00000167  00000+0  80379-4 0  9993",
  "2 42063  98.5691 244.5802 0001229  94.2341 265.8982 14.30820567328196"
 ]
}